,occurrence_shops,occurrence_amenities,distribution_shop,distribution_amenities,proximity_shops,proximity_amenities,proximity_transport,correlation_shops_amenities
min,0,0,-0.992429342441157,-0.963271819310927,15.3838580054414,42.0240392814973,47.7093784440986,0
mean,22.1274574049803,80.6045216251638,-0.226490397007702,-0.179994712581682,375.434305717145,367.010849280369,369.194547413025,Inf
median,0,32,-0.145558502064469,-0.114375574029026,389.462555455515,369.638053410261,384.677626401414,0.0209153543307087
max,2437,3471,-0.00254448960152359,-0.00204081915838337,576.47286457376,564.002768978687,569.241446138128,Inf
